fecha,producto,cantidad,precio
2025-05-20,Memoria RAM,10,76.53
2025-05-20,Disco Duro,9,98.48
2025-05-20,Procesador,7,284.9
2025-05-20,Impresora,9,161.21
2025-05-21,Procesador,3,269.81
2025-05-22,Disco Duro,2,107.27
2025-05-22,Smartphone,3,439.03
2025-05-22,Auriculares,10,83.29
2025-05-22,Webcam,4,55.0
2025-05-22,Tarjeta Gráfica,2,388.95
2025-05-23,Laptop,9,871.1
2025-05-23,Router,5,39.51
2025-05-23,Monitor,1,197.74
2025-05-23,Webcam,6,51.17
2025-05-23,Memoria RAM,3,77.12
2025-05-23,Memoria RAM,6,89.3
2025-05-23,Auriculares,7,76.41
2025-05-24,Teclado,5,41.05
2025-05-24,Monitor,4,165.38
2025-05-24,Mouse,5,22.22
2025-05-24,Laptop,9,816.53
2025-05-26,Monitor,3,211.06
2025-05-26,Mouse,4,29.62
2025-05-26,Smartphone,2,459.09
2025-05-26,Monitor,9,187.71
2025-05-26,Tablet,1,287.57
2025-05-27,Memoria RAM,6,94.32
2025-05-27,Webcam,7,54.53
2025-05-27,Procesador,4,229.21
2025-05-28,Tarjeta Gráfica,6,331.34
2025-05-28,Auriculares,1,74.2
2025-05-28,Smartphone,5,469.72
2025-05-28,Teclado,6,40.31
2025-05-28,Monitor,5,216.56
2025-05-28,Procesador,6,240.12
2025-05-29,Mouse,1,22.33
2025-05-29,Teclado,9,59.31
2025-05-29,Impresora,7,133.47
2025-05-29,Tarjeta Gráfica,7,446.07
2025-05-30,Smartphone,10,530.37
2025-05-30,Laptop,1,683.85
2025-05-30,Procesador,8,254.64
2025-05-30,Memoria RAM,6,83.68
2025-05-30,Fuente de Poder,6,61.88
2025-05-30,Tablet,1,295.17
2025-05-31,Laptop,5,958.7
2025-05-31,Tablet,8,268.12
2025-05-31,Memoria RAM,8,81.16
2025-05-31,Fuente de Poder,2,75.16
2025-05-31,Laptop,9,733.48
2025-05-31,Monitor,7,238.76
2025-05-31,Procesador,2,202.26
2025-06-01,Procesador,6,224.36
2025-06-01,Tarjeta Gráfica,6,363.71
2025-06-01,Tablet,8,327.91
2025-06-01,Tarjeta Gráfica,2,344.45
2025-06-01,Laptop,2,840.38
2025-06-02,Router,8,34.73
2025-06-02,Monitor,9,188.94
2025-06-02,Disco Duro,2,82.42
2025-06-03,Router,9,32.98
2025-06-03,Procesador,4,257.57
2025-06-03,Webcam,5,49.84
2025-06-03,Laptop,4,736.45
2025-06-03,Tarjeta Gráfica,2,402.9
2025-06-03,Auriculares,6,75.99
2025-06-04,Router,6,40.52
2025-06-04,Smartphone,2,562.19
2025-06-04,Impresora,1,170.34
2025-06-05,Auriculares,7,95.99
2025-06-05,Monitor,8,224.74
2025-06-05,Disco Duro,8,116.38
2025-06-05,Impresora,9,137.42
2025-06-05,Webcam,1,62.12
2025-06-05,Monitor,10,230.11
2025-06-05,Tablet,8,248.89
2025-06-05,Auriculares,10,84.08
2025-06-06,Fuente de Poder,4,66.35
2025-06-06,Impresora,9,150.44
2025-06-06,Procesador,1,275.42
2025-06-06,Fuente de Poder,8,56.89
2025-06-06,Monitor,6,188.97
2025-06-06,Tarjeta Gráfica,7,427.68
2025-06-06,Disco Duro,4,96.15
2025-06-06,Monitor,5,239.79
2025-06-06,Smartphone,8,526.28
2025-06-06,Webcam,4,65.59
2025-06-06,Procesador,9,276.58
2025-06-07,Laptop,10,661.61
2025-06-07,Laptop,8,838.77
2025-06-07,Auriculares,8,78.46
2025-06-07,Tablet,9,294.04
2025-06-07,Smartphone,10,495.85
2025-06-08,Disco Duro,2,96.11
2025-06-08,Monitor,3,222.39
2025-06-08,Teclado,4,57.2
2025-06-08,Memoria RAM,5,71.5
2025-06-08,Smartphone,9,419.58
2025-06-08,Router,3,40.47
2025-06-08,Router,6,33.91
2025-06-08,Tarjeta Gráfica,1,442.29
2025-06-08,Webcam,5,70.66
2025-06-08,Impresora,2,151.84
2025-06-08,Webcam,10,66.46
2025-06-08,Tarjeta Gráfica,6,412.12
2025-06-09,Webcam,8,63.74
2025-06-09,Auriculares,8,85.18
2025-06-09,Disco Duro,1,83.74
2025-06-09,Laptop,5,709.01
2025-06-09,Impresora,8,151.69
2025-06-09,Smartphone,2,461.67
2025-06-09,Auriculares,4,84.32
2025-06-09,Router,7,41.92
2025-06-10,Mouse,4,26.58
2025-06-10,Memoria RAM,7,66.53
2025-06-10,Auriculares,3,76.16
2025-06-10,Mouse,3,23.48
2025-06-10,Memoria RAM,9,92.97
2025-06-10,Auriculares,9,76.05
2025-06-11,Tarjeta Gráfica,6,391.46
2025-06-11,Auriculares,7,68.39
2025-06-11,Teclado,7,48.98
2025-06-11,Webcam,5,55.76
2025-06-11,Smartphone,2,555.13
2025-06-11,Webcam,9,50.23
2025-06-11,Fuente de Poder,7,59.25
2025-06-12,Webcam,10,71.65
2025-06-12,Monitor,2,196.92
2025-06-12,Router,10,40.11
2025-06-12,Tablet,2,331.24
2025-06-12,Memoria RAM,8,84.31
2025-06-12,Memoria RAM,2,64.03
2025-06-12,Tablet,2,329.35
2025-06-12,Fuente de Poder,6,59.43
2025-06-13,Impresora,7,137.05
2025-06-13,Laptop,7,822.97
2025-06-13,Webcam,7,55.5
2025-06-13,Teclado,3,49.55
2025-06-13,Fuente de Poder,9,81.74
2025-06-14,Procesador,4,262.55
2025-06-14,Impresora,9,170.11
2025-06-14,Teclado,2,51.79
2025-06-14,Auriculares,4,80.34
2025-06-14,Tarjeta Gráfica,6,446.62
2025-06-15,Mouse,6,23.68
2025-06-15,Mouse,6,21.7
2025-06-16,Procesador,7,221.88
2025-06-16,Monitor,7,205.75
2025-06-16,Tablet,1,343.03
2025-06-16,Mouse,1,29.43
2025-06-16,Monitor,7,207.11
2025-06-16,Smartphone,9,444.31
2025-06-16,Router,1,46.86
2025-06-17,Router,2,36.29
2025-06-17,Procesador,5,223.76
2025-06-17,Laptop,7,836.78
2025-06-18,Mouse,4,28.87
2025-06-18,Laptop,3,799.69
2025-06-18,Procesador,3,296.47
2025-06-19,Teclado,2,47.88
2025-06-19,Disco Duro,3,99.94
2025-06-19,Smartphone,5,431.94
2025-06-19,Impresora,7,156.38
2025-06-20,Laptop,4,774.34
2025-06-20,Tablet,6,344.83
2025-06-21,Disco Duro,8,84.1
2025-06-21,Procesador,10,220.52
2025-06-21,Disco Duro,8,117.87
2025-06-21,Laptop,5,756.69
2025-06-22,Tablet,9,349.29
2025-06-22,Mouse,5,23.27
2025-06-22,Memoria RAM,10,82.44
2025-06-22,Webcam,3,70.05
2025-06-22,Monitor,5,180.88
2025-06-23,Tarjeta Gráfica,2,392.33
2025-06-23,Tarjeta Gráfica,9,394.88
2025-06-23,Auriculares,2,92.47
2025-06-23,Tarjeta Gráfica,8,349.08
2025-06-23,Tablet,4,270.6
2025-06-23,Tablet,8,284.52
2025-06-23,Mouse,8,20.37
2025-06-23,Disco Duro,3,82.74
2025-06-24,Mouse,10,27.41
2025-06-24,Laptop,9,952.93
2025-06-24,Monitor,8,162.1
2025-06-24,Teclado,2,45.92
2025-06-24,Disco Duro,5,89.68
2025-06-24,Memoria RAM,1,69.24
2025-06-24,Mouse,1,20.62
2025-06-24,Procesador,2,250.08
2025-06-24,Laptop,5,933.57
2025-06-24,Monitor,5,211.57
2025-06-24,Procesador,4,281.35
2025-06-25,Disco Duro,9,88.84
2025-06-25,Procesador,8,291.47
2025-06-25,Webcam,6,65.62
2025-06-25,Mouse,1,21.66
2025-06-25,Mouse,1,22.9
2025-06-25,Memoria RAM,5,66.98
2025-06-26,Mouse,3,22.75
2025-06-26,Teclado,9,45.01
2025-06-26,Monitor,9,192.96
2025-06-26,Auriculares,4,69.55
2025-06-26,Auriculares,1,73.2
2025-06-26,Tarjeta Gráfica,7,334.67
2025-06-26,Tablet,4,350.62
2025-06-27,Router,9,34.24
2025-06-27,Laptop,4,801.83
2025-06-27,Monitor,7,215.52
2025-06-27,Fuente de Poder,7,73.25
2025-06-27,Impresora,10,151.67
2025-06-28,Webcam,3,60.95
2025-06-28,Auriculares,2,73.92
2025-06-28,Impresora,6,143.44
2025-06-28,Teclado,10,41.0
2025-06-28,Procesador,2,217.71
2025-06-28,Fuente de Poder,7,74.34
2025-06-28,Fuente de Poder,4,80.21
2025-06-29,Tablet,8,297.29
2025-06-29,Smartphone,9,540.71
2025-06-29,Memoria RAM,7,89.34
2025-06-29,Smartphone,8,400.14
2025-06-29,Auriculares,2,92.62
2025-06-29,Laptop,2,745.95
2025-06-29,Procesador,7,259.64
2025-06-29,Memoria RAM,8,78.4
2025-06-29,Tarjeta Gráfica,6,469.4
2025-06-29,Webcam,5,65.32
2025-06-30,Auriculares,8,92.97
2025-06-30,Teclado,10,56.18
2025-07-01,Tablet,1,358.24
2025-07-01,Auriculares,9,91.92
2025-07-01,Memoria RAM,8,65.4
2025-07-01,Fuente de Poder,7,69.81
2025-07-01,Fuente de Poder,4,70.45
2025-07-02,Router,10,34.47
2025-07-02,Impresora,4,129.8
2025-07-02,Disco Duro,2,91.35
2025-07-03,Laptop,4,866.44
2025-07-03,Impresora,2,129.39
2025-07-03,Router,10,36.82
2025-07-03,Smartphone,9,530.3
2025-07-03,Mouse,1,21.32
2025-07-03,Smartphone,9,468.47
2025-07-03,Tablet,3,352.07
2025-07-03,Procesador,8,295.45
2025-07-04,Mouse,2,25.24
2025-07-04,Tablet,6,274.97
2025-07-04,Fuente de Poder,7,56.69
2025-07-04,Impresora,2,172.23
2025-07-05,Auriculares,8,71.99
2025-07-06,Disco Duro,7,95.82
2025-07-06,Fuente de Poder,5,80.55
2025-07-06,Smartphone,9,538.69
2025-07-07,Impresora,8,128.41
2025-07-07,Mouse,2,26.59
2025-07-07,Laptop,5,760.69
2025-07-07,Mouse,8,20.92
2025-07-07,Memoria RAM,4,82.3
2025-07-07,Memoria RAM,2,87.9
2025-07-07,Procesador,10,272.43
2025-07-07,Tablet,9,326.64
2025-07-07,Auriculares,1,86.68
2025-07-07,Router,5,42.84
2025-07-08,Auriculares,4,75.55
2025-07-08,Tablet,7,321.28
2025-07-08,Procesador,2,233.07
2025-07-08,Monitor,5,204.65
2025-07-08,Fuente de Poder,6,65.83
2025-07-08,Webcam,10,71.63
2025-07-09,Teclado,1,40.92
2025-07-09,Mouse,10,26.91
2025-07-09,Router,9,38.42
2025-07-09,Memoria RAM,9,77.42
2025-07-09,Memoria RAM,9,88.34
2025-07-10,Disco Duro,9,89.97
2025-07-10,Laptop,4,923.45
2025-07-10,Procesador,5,232.12
2025-07-10,Router,9,34.88
2025-07-10,Procesador,10,213.84
2025-07-11,Tablet,9,333.0
2025-07-11,Auriculares,9,68.19
2025-07-11,Auriculares,2,82.48
2025-07-11,Tarjeta Gráfica,7,382.32
2025-07-11,Disco Duro,6,89.55
2025-07-12,Procesador,10,241.66
2025-07-12,Memoria RAM,6,70.52
2025-07-12,Tablet,10,312.8
2025-07-12,Router,3,44.04
2025-07-12,Smartphone,5,566.26
2025-07-13,Tarjeta Gráfica,7,464.39
2025-07-13,Procesador,3,276.42
2025-07-13,Fuente de Poder,3,63.7
2025-07-13,Disco Duro,10,118.84
2025-07-13,Impresora,8,167.62
2025-07-14,Tablet,8,346.57
2025-07-14,Procesador,9,211.38
2025-07-14,Tablet,7,294.44
2025-07-14,Procesador,1,214.01
2025-07-15,Memoria RAM,3,64.52
2025-07-15,Monitor,8,187.97
2025-07-15,Teclado,9,49.87
2025-07-15,Teclado,4,56.47
2025-07-15,Smartphone,6,478.23
2025-07-15,Monitor,3,198.25
2025-07-15,Smartphone,4,454.59
2025-07-15,Tarjeta Gráfica,8,461.54
2025-07-15,Laptop,9,792.96
2025-07-16,Tarjeta Gráfica,1,440.99
2025-07-16,Tarjeta Gráfica,2,376.02
2025-07-16,Webcam,9,69.48
2025-07-16,Auriculares,5,86.56
2025-07-16,Disco Duro,10,112.58
2025-07-17,Router,6,35.5
2025-07-17,Monitor,10,198.04
2025-07-17,Router,4,32.12
2025-07-17,Monitor,1,212.8
2025-07-17,Tablet,10,340.0
2025-07-17,Tablet,2,327.69
2025-07-18,Mouse,4,23.16
2025-07-18,Webcam,3,66.93
2025-07-18,Impresora,1,174.79
2025-07-18,Tarjeta Gráfica,7,326.98
2025-07-18,Fuente de Poder,5,78.06
2025-07-18,Fuente de Poder,9,67.57
2025-07-18,Impresora,10,121.59
2025-07-19,Auriculares,8,70.86
2025-07-19,Teclado,7,49.71
2025-07-19,Disco Duro,5,88.99
2025-07-19,Monitor,10,215.13
2025-07-19,Tablet,8,355.34
2025-07-19,Webcam,6,52.03
2025-07-20,Monitor,10,202.12
2025-07-20,Smartphone,10,428.62
2025-07-20,Auriculares,2,69.86
2025-07-20,Auriculares,8,92.93
2025-07-20,Smartphone,7,422.55
2025-07-20,Monitor,1,213.59
2025-07-20,Teclado,8,53.39
2025-07-20,Router,7,35.0
2025-07-21,Webcam,7,54.73
2025-07-21,Monitor,3,218.92
2025-07-21,Procesador,8,280.75
2025-07-21,Tarjeta Gráfica,2,364.63
2025-07-21,Router,9,34.71
2025-07-21,Teclado,1,58.65
2025-07-22,Laptop,5,762.74
2025-07-22,Fuente de Poder,2,68.78
2025-07-22,Tarjeta Gráfica,5,442.53
2025-07-22,Tablet,6,272.55
2025-07-22,Monitor,1,209.71
2025-07-22,Disco Duro,2,94.15
2025-07-22,Impresora,10,156.0
2025-07-22,Memoria RAM,9,81.25
2025-07-22,Auriculares,3,89.2
2025-07-23,Fuente de Poder,1,58.58
2025-07-23,Memoria RAM,1,75.43
2025-07-23,Tarjeta Gráfica,8,338.25
2025-07-23,Laptop,8,919.72
2025-07-24,Webcam,3,64.48
2025-07-25,Fuente de Poder,2,56.61
2025-07-25,Memoria RAM,8,70.87
2025-07-25,Tablet,6,265.4
2025-07-25,Teclado,6,42.54
2025-07-25,Webcam,5,69.13
2025-07-25,Teclado,10,59.25
2025-07-26,Disco Duro,10,103.11
2025-07-26,Monitor,5,205.14
2025-07-26,Webcam,10,64.62
2025-07-26,Memoria RAM,6,88.44
2025-07-26,Laptop,2,830.9
2025-07-26,Mouse,9,23.88
2025-07-26,Monitor,4,215.45
2025-07-26,Monitor,1,233.81
2025-07-26,Teclado,8,51.03
2025-07-26,Fuente de Poder,8,63.99
2025-07-26,Disco Duro,2,86.28
2025-07-27,Memoria RAM,2,88.69
2025-07-27,Smartphone,3,412.65
2025-07-28,Fuente de Poder,9,75.49
2025-07-28,Memoria RAM,5,93.49
2025-07-28,Router,9,44.39
2025-07-28,Tarjeta Gráfica,3,361.12
2025-07-28,Procesador,8,249.06
2025-07-29,Procesador,7,233.99
2025-07-29,Router,1,37.63
2025-07-29,Monitor,9,183.09
2025-07-30,Teclado,10,48.72
2025-07-30,Laptop,6,709.53
2025-07-30,Webcam,9,57.59
2025-07-30,Laptop,8,809.42
2025-07-30,Fuente de Poder,9,71.78
2025-07-30,Memoria RAM,6,78.55
2025-08-01,Smartphone,8,424.29
2025-08-02,Tablet,1,313.78
2025-08-02,Mouse,4,28.66
2025-08-02,Impresora,5,144.93
2025-08-02,Webcam,2,48.19
2025-08-02,Monitor,10,185.51
2025-08-03,Auriculares,8,83.28
2025-08-03,Disco Duro,1,111.35
2025-08-04,Auriculares,3,64.99
2025-08-04,Tarjeta Gráfica,9,417.44
2025-08-04,Auriculares,1,81.81
2025-08-04,Smartphone,9,484.83
2025-08-04,Teclado,7,55.47
2025-08-04,Impresora,5,160.01
2025-08-04,Tarjeta Gráfica,10,412.79
2025-08-04,Tarjeta Gráfica,3,433.89
2025-08-04,Tablet,3,330.53
2025-08-05,Laptop,9,680.51
2025-08-05,Teclado,5,41.87
2025-08-05,Tarjeta Gráfica,10,448.88
2025-08-05,Memoria RAM,10,71.76
2025-08-05,Router,10,32.18
2025-08-05,Teclado,3,46.45
2025-08-05,Disco Duro,7,84.67
2025-08-05,Monitor,7,228.27
2025-08-06,Memoria RAM,4,77.74
2025-08-06,Router,10,32.96
2025-08-06,Router,10,46.74
2025-08-06,Mouse,4,25.3
2025-08-06,Monitor,1,179.27
2025-08-07,Webcam,2,61.27
2025-08-07,Impresora,1,153.14
2025-08-08,Monitor,8,191.65
2025-08-08,Fuente de Poder,5,70.43
2025-08-08,Tablet,3,289.56
2025-08-08,Monitor,3,199.86
2025-08-08,Laptop,1,826.94
2025-08-08,Fuente de Poder,7,75.62
2025-08-09,Memoria RAM,7,77.06
2025-08-10,Mouse,2,23.28
2025-08-10,Smartphone,8,488.43
2025-08-10,Laptop,1,687.27
2025-08-10,Router,8,40.02
2025-08-10,Tarjeta Gráfica,4,441.84
2025-08-11,Teclado,2,54.22
2025-08-11,Webcam,8,54.53
2025-08-11,Tarjeta Gráfica,1,356.65
2025-08-11,Tablet,5,306.53
2025-08-11,Teclado,8,44.24
2025-08-11,Webcam,7,54.68
2025-08-12,Smartphone,6,486.12
2025-08-12,Procesador,7,210.59
2025-08-12,Fuente de Poder,10,61.64
2025-08-12,Disco Duro,2,116.89
2025-08-12,Tarjeta Gráfica,3,427.22
2025-08-12,Tablet,8,274.59
2025-08-12,Impresora,8,144.95
2025-08-12,Tarjeta Gráfica,2,459.87
2025-08-13,Teclado,1,47.05
2025-08-13,Procesador,7,280.22
2025-08-13,Webcam,9,49.93
2025-08-13,Auriculares,1,70.78
2025-08-13,Auriculares,8,95.65
2025-08-13,Procesador,8,251.93
2025-08-13,Procesador,3,263.71
2025-08-13,Webcam,2,68.59
2025-08-13,Mouse,10,26.64
2025-08-14,Procesador,2,246.83
2025-08-14,Auriculares,6,68.37
2025-08-14,Impresora,6,165.3
2025-08-14,Impresora,10,127.84
2025-08-14,Disco Duro,10,82.09
2025-08-14,Mouse,2,23.8
2025-08-14,Tarjeta Gráfica,3,452.86
2025-08-14,Procesador,2,224.87
2025-08-14,Monitor,6,222.33
2025-08-15,Disco Duro,2,107.09
2025-08-15,Mouse,5,24.35
2025-08-15,Smartphone,4,504.22
2025-08-15,Memoria RAM,2,80.15
2025-08-15,Procesador,8,219.2
2025-08-15,Auriculares,3,70.89
2025-08-16,Teclado,5,43.77
2025-08-16,Laptop,2,779.87
2025-08-16,Tablet,3,331.28
2025-08-16,Fuente de Poder,10,70.07
2025-08-16,Router,5,42.22
2025-08-16,Impresora,9,166.98
2025-08-16,Memoria RAM,6,77.96
2025-08-16,Disco Duro,7,111.43
2025-08-17,Laptop,3,918.36
2025-08-17,Impresora,5,137.27
2025-08-17,Auriculares,7,68.13
2025-08-17,Auriculares,2,87.05
2025-08-17,Smartphone,2,487.63
2025-08-17,Mouse,3,29.93
2025-08-18,Teclado,10,40.89
2025-08-18,Auriculares,7,66.53
2025-08-18,Laptop,1,730.03
2025-08-18,Teclado,3,54.41
2025-08-18,Tablet,7,296.04
2025-08-18,Disco Duro,5,104.4
2025-08-18,Tarjeta Gráfica,8,418.78
2025-08-18,Auriculares,7,91.31
2025-08-19,Smartphone,9,556.29
2025-08-19,Impresora,7,145.91
2025-08-19,Procesador,4,258.89
2025-08-19,Tarjeta Gráfica,6,416.6
2025-08-19,Tablet,9,245.87
2025-08-20,Mouse,10,21.12
2025-08-20,Impresora,8,147.96
2025-08-20,Auriculares,3,94.44
2025-08-20,Auriculares,2,75.9
2025-08-20,Memoria RAM,9,83.0
2025-08-21,Teclado,6,47.11
2025-08-21,Laptop,7,656.37
2025-08-21,Webcam,5,57.3
2025-08-21,Disco Duro,4,118.78
2025-08-22,Fuente de Poder,7,66.34
2025-08-22,Router,9,34.37
2025-08-22,Webcam,2,71.52
2025-08-22,Mouse,9,27.25
2025-08-22,Smartphone,9,506.18
2025-08-22,Tablet,7,329.2
2025-08-22,Webcam,7,49.1
2025-08-22,Teclado,10,52.14
2025-08-22,Router,8,47.96
2025-08-23,Monitor,1,185.49
2025-08-23,Memoria RAM,7,82.75
2025-08-23,Smartphone,2,516.15
2025-08-23,Procesador,3,255.64
2025-08-23,Disco Duro,2,103.29
2025-08-23,Laptop,10,844.07
2025-08-23,Monitor,7,239.56
2025-08-24,Mouse,9,22.93
2025-08-24,Webcam,9,57.01
2025-08-24,Auriculares,5,68.08
2025-08-24,Teclado,2,50.94
2025-08-25,Teclado,3,45.38
2025-08-25,Router,9,36.72
2025-08-25,Tablet,9,297.12
2025-08-25,Teclado,4,40.63
2025-08-25,Tarjeta Gráfica,4,359.6
2025-08-25,Auriculares,9,71.03
2025-08-25,Smartphone,7,475.13
2025-08-25,Disco Duro,7,86.91
2025-08-25,Auriculares,8,84.34
2025-08-26,Impresora,9,159.18
2025-08-26,Webcam,7,55.55
2025-08-26,Tarjeta Gráfica,10,386.9
2025-08-26,Tablet,10,359.53
2025-08-26,Fuente de Poder,3,61.01
2025-08-26,Smartphone,7,448.8
2025-08-26,Webcam,3,59.91
2025-08-27,Disco Duro,9,93.27
2025-08-27,Auriculares,3,64.83
2025-08-27,Webcam,3,52.23
2025-08-27,Fuente de Poder,9,59.3
2025-08-28,Webcam,2,70.37
2025-08-28,Impresora,3,163.67
2025-08-29,Webcam,5,53.99
2025-08-29,Auriculares,1,87.87
2025-08-29,Teclado,5,49.14
2025-08-29,Fuente de Poder,2,64.38
2025-08-29,Webcam,10,57.12
2025-08-29,Tarjeta Gráfica,6,472.74
2025-08-29,Impresora,5,157.71
2025-08-29,Laptop,5,811.7
2025-08-29,Smartphone,8,578.98
2025-08-29,Monitor,7,225.99
2025-08-30,Tarjeta Gráfica,9,325.87
2025-08-30,Webcam,5,68.74
2025-08-30,Tablet,2,298.83
2025-08-30,Impresora,9,175.41
2025-08-30,Mouse,9,25.38
2025-08-31,Smartphone,10,448.64
2025-08-31,Tarjeta Gráfica,8,408.95
2025-08-31,Laptop,6,695.0
2025-08-31,Tarjeta Gráfica,9,451.99
2025-09-01,Disco Duro,8,96.63
2025-09-01,Smartphone,9,551.63
2025-09-01,Smartphone,10,493.98
2025-09-01,Teclado,3,55.32
2025-09-02,Teclado,4,41.36
2025-09-02,Fuente de Poder,1,83.79
2025-09-02,Webcam,8,57.57
2025-09-02,Webcam,8,50.41
2025-09-03,Auriculares,3,70.28
2025-09-03,Teclado,4,42.64
2025-09-04,Impresora,9,167.99
2025-09-04,Auriculares,2,79.05
2025-09-04,Impresora,2,164.74
2025-09-05,Tarjeta Gráfica,1,474.94
2025-09-05,Monitor,9,220.42
2025-09-05,Memoria RAM,3,79.29
2025-09-05,Tarjeta Gráfica,5,327.05
2025-09-05,Mouse,4,22.98
2025-09-05,Memoria RAM,5,78.62
2025-09-05,Laptop,1,669.98
2025-09-05,Memoria RAM,9,74.59
2025-09-06,Mouse,5,28.24
2025-09-06,Impresora,1,126.71
2025-09-06,Monitor,3,230.57
2025-09-06,Disco Duro,6,82.76
2025-09-06,Teclado,8,47.03
2025-09-06,Impresora,8,122.81
2025-09-06,Tablet,1,324.57
2025-09-07,Tarjeta Gráfica,7,399.38
2025-09-07,Teclado,3,47.6
2025-09-07,Mouse,5,26.78
2025-09-07,Memoria RAM,6,83.32
2025-09-08,Disco Duro,6,102.63
2025-09-08,Teclado,9,59.31
2025-09-08,Auriculares,7,73.59
2025-09-08,Memoria RAM,4,65.85
2025-09-08,Auriculares,1,66.4
2025-09-09,Mouse,9,29.1
2025-09-09,Mouse,8,26.89
2025-09-09,Impresora,9,156.59
2025-09-09,Laptop,10,756.76
2025-09-09,Webcam,3,71.17
2025-09-09,Webcam,4,63.07
2025-09-10,Mouse,6,26.68
2025-09-10,Monitor,6,167.95
2025-09-10,Smartphone,3,416.53
2025-09-10,Tarjeta Gráfica,4,333.87
2025-09-10,Webcam,5,50.45
2025-09-10,Auriculares,10,95.68
2025-09-10,Mouse,2,23.22
2025-09-11,Procesador,1,245.34
2025-09-11,Router,5,44.95
2025-09-11,Procesador,5,295.4
2025-09-11,Laptop,5,780.72
2025-09-11,Fuente de Poder,3,56.97
2025-09-12,Router,1,45.85
2025-09-12,Monitor,8,205.59
2025-09-12,Smartphone,6,481.3
2025-09-12,Webcam,6,58.65
2025-09-13,Webcam,5,62.03
2025-09-13,Memoria RAM,10,75.96
2025-09-13,Laptop,5,951.0
2025-09-14,Laptop,2,937.42
2025-09-14,Disco Duro,5,108.74
2025-09-14,Mouse,3,23.05
2025-09-14,Mouse,5,26.71
2025-09-14,Router,8,40.8
2025-09-15,Auriculares,2,66.89
2025-09-15,Router,9,47.27
2025-09-15,Disco Duro,9,119.52
2025-09-15,Disco Duro,5,98.38
2025-09-15,Laptop,3,935.72
2025-09-15,Procesador,5,277.81
2025-09-15,Monitor,7,210.38
2025-09-16,Tarjeta Gráfica,5,443.76
2025-09-16,Mouse,5,24.5
2025-09-16,Tablet,10,272.21
2025-09-16,Fuente de Poder,3,83.46
2025-09-17,Laptop,7,953.93
2025-09-17,Memoria RAM,3,88.28
2025-09-17,Laptop,10,922.96
2025-09-17,Smartphone,10,401.05
2025-09-17,Procesador,6,291.43
2025-09-17,Tarjeta Gráfica,1,432.92
2025-09-18,Memoria RAM,7,76.35
2025-09-18,Smartphone,6,502.65
2025-09-18,Mouse,2,28.32
2025-09-18,Monitor,4,184.06
2025-09-18,Router,2,39.29
2025-09-19,Fuente de Poder,4,75.48
2025-09-19,Mouse,3,25.94
2025-09-19,Procesador,10,265.1
2025-09-19,Monitor,4,226.24
2025-09-19,Impresora,7,166.15
2025-09-20,Procesador,5,274.66
2025-09-20,Memoria RAM,1,77.8
2025-09-20,Webcam,6,61.25
2025-09-20,Auriculares,10,95.25
2025-09-20,Smartphone,4,491.36
2025-09-20,Smartphone,4,468.04
2025-09-21,Webcam,10,48.06
2025-09-21,Tarjeta Gráfica,9,325.74
2025-09-21,Teclado,4,45.93
2025-09-21,Laptop,7,747.56
2025-09-21,Disco Duro,6,86.97
2025-09-21,Procesador,6,289.42
2025-09-21,Router,8,38.63
2025-09-22,Impresora,6,155.82
2025-09-22,Auriculares,3,69.99
2025-09-22,Mouse,7,29.61
2025-09-22,Laptop,2,937.31
2025-09-22,Teclado,9,59.81
2025-09-22,Router,7,47.02
2025-09-22,Teclado,1,47.22
2025-09-22,Memoria RAM,8,78.75
2025-09-22,Mouse,8,23.48
2025-09-23,Auriculares,6,90.51
2025-09-23,Smartphone,2,519.61
2025-09-23,Impresora,5,130.53
2025-09-24,Laptop,2,942.47
2025-09-24,Webcam,9,54.4
2025-09-24,Tarjeta Gráfica,10,346.7
2025-09-24,Disco Duro,8,110.4
2025-09-24,Smartphone,9,472.02
2025-09-24,Tablet,9,297.48
2025-09-24,Tarjeta Gráfica,5,444.12
2025-09-24,Router,9,32.26
2025-09-24,Disco Duro,10,82.84
2025-09-24,Teclado,6,54.91
2025-09-24,Impresora,6,135.44
2025-09-25,Fuente de Poder,9,60.41
2025-09-25,Impresora,7,177.98
2025-09-25,Procesador,7,242.36
2025-09-26,Impresora,1,143.43
2025-09-26,Auriculares,3,93.86
2025-09-26,Tablet,9,293.51
2025-09-26,Smartphone,4,443.03
2025-09-26,Monitor,3,212.54
2025-09-26,Tarjeta Gráfica,9,405.17
2025-09-26,Router,7,33.59
2025-09-26,Auriculares,1,73.05
2025-09-26,Teclado,7,41.5
2025-09-27,Laptop,1,914.78
2025-09-27,Fuente de Poder,4,83.28
2025-09-27,Memoria RAM,3,91.65
2025-09-27,Mouse,7,29.0
2025-09-27,Mouse,3,20.69
2025-09-27,Monitor,2,238.81
2025-09-28,Webcam,2,57.62
2025-09-28,Tablet,8,307.67
2025-09-28,Smartphone,8,575.82
2025-09-28,Impresora,2,139.15
2025-09-28,Fuente de Poder,2,59.8
2025-09-28,Router,4,43.5
2025-09-29,Monitor,2,179.31
2025-09-29,Smartphone,2,449.58
2025-09-29,Impresora,10,161.26
2025-09-29,Webcam,3,69.07
2025-09-29,Disco Duro,8,80.37
2025-09-29,Laptop,7,662.06
2025-09-29,Monitor,9,186.0
2025-09-29,Tarjeta Gráfica,2,365.61
2025-09-30,Smartphone,2,536.06
2025-09-30,Smartphone,4,454.92
2025-10-01,Tarjeta Gráfica,6,473.69
2025-10-01,Mouse,7,28.71
2025-10-01,Laptop,6,920.45
2025-10-01,Router,5,47.69
2025-10-02,Auriculares,9,91.54
2025-10-02,Fuente de Poder,1,72.77
2025-10-02,Monitor,4,164.2
2025-10-03,Laptop,7,829.41
2025-10-03,Disco Duro,6,92.34
2025-10-03,Tablet,6,315.22
2025-10-04,Auriculares,1,80.07
2025-10-04,Procesador,5,276.86
2025-10-04,Teclado,3,46.56
2025-10-04,Teclado,6,46.52
2025-10-04,Procesador,3,219.15
2025-10-04,Webcam,4,58.85
2025-10-04,Webcam,1,50.77
2025-10-05,Auriculares,5,73.52
2025-10-05,Laptop,6,711.75
2025-10-05,Fuente de Poder,6,70.86
2025-10-06,Auriculares,5,79.45
2025-10-06,Tarjeta Gráfica,6,406.73
2025-10-06,Smartphone,5,407.32
2025-10-06,Monitor,3,232.67
2025-10-06,Impresora,8,173.36
2025-10-06,Procesador,1,298.94
2025-10-06,Tablet,8,351.94
2025-10-07,Monitor,2,196.96
2025-10-07,Laptop,8,941.75
2025-10-07,Tarjeta Gráfica,1,368.62
2025-10-07,Fuente de Poder,9,61.66
2025-10-07,Auriculares,10,85.77
2025-10-08,Fuente de Poder,10,72.22
2025-10-08,Webcam,5,57.14
2025-10-08,Auriculares,2,94.05
2025-10-08,Fuente de Poder,2,75.92
2025-10-08,Auriculares,3,84.0
2025-10-08,Teclado,5,45.64
2025-10-08,Disco Duro,10,87.28
2025-10-08,Monitor,10,177.28
2025-10-08,Teclado,6,51.2
2025-10-08,Teclado,10,57.68
2025-10-08,Router,6,39.48
2025-10-09,Webcam,2,66.3
2025-10-09,Impresora,7,126.2
2025-10-10,Webcam,10,53.31
2025-10-10,Monitor,8,176.71
2025-10-10,Fuente de Poder,7,83.27
2025-10-10,Monitor,6,204.26
2025-10-10,Smartphone,5,544.66
2025-10-10,Memoria RAM,10,89.18
2025-10-10,Tablet,7,306.87
2025-10-11,Impresora,6,176.08
2025-10-11,Auriculares,2,95.81
2025-10-11,Monitor,8,215.96
2025-10-11,Teclado,10,58.97
2025-10-11,Laptop,1,665.99
2025-10-11,Mouse,2,25.38
2025-10-11,Monitor,10,226.77
2025-10-11,Procesador,1,234.72
2025-10-11,Laptop,10,848.01
2025-10-11,Auriculares,8,90.1
2025-10-11,Disco Duro,7,82.78
2025-10-12,Router,2,46.13
2025-10-12,Laptop,10,689.1
2025-10-12,Mouse,2,27.32
2025-10-12,Laptop,7,851.98
2025-10-12,Disco Duro,4,87.02
2025-10-12,Tablet,6,305.56
2025-10-12,Monitor,10,207.56
2025-10-12,Laptop,3,832.76
2025-10-13,Tablet,7,274.74
2025-10-13,Monitor,7,227.61
2025-10-13,Disco Duro,9,95.19
2025-10-14,Disco Duro,7,95.87
2025-10-14,Mouse,3,29.72
2025-10-14,Tablet,8,240.71
2025-10-14,Auriculares,5,64.7
2025-10-14,Router,1,47.99
2025-10-15,Mouse,1,24.24
2025-10-15,Smartphone,10,528.6
2025-10-16,Monitor,3,168.01
2025-10-16,Auriculares,1,83.1
2025-10-16,Memoria RAM,1,91.42
2025-10-16,Tablet,10,287.93
2025-10-16,Smartphone,2,579.78
2025-10-16,Mouse,3,21.06
2025-10-17,Impresora,9,139.78
2025-10-18,Fuente de Poder,3,73.53
2025-10-18,Mouse,3,23.13
2025-10-18,Webcam,6,69.94
2025-10-18,Smartphone,9,533.43
2025-10-19,Webcam,8,62.7
2025-10-19,Monitor,1,231.66
2025-10-19,Fuente de Poder,8,64.0
2025-10-19,Teclado,10,47.67
2025-10-19,Impresora,3,139.42
2025-10-19,Laptop,5,914.69
2025-10-19,Laptop,8,831.29
2025-10-19,Tablet,6,243.56
2025-10-20,Procesador,6,223.69
2025-10-20,Procesador,6,286.37
2025-10-20,Auriculares,6,67.32
2025-10-21,Memoria RAM,4,79.33
2025-10-21,Tarjeta Gráfica,3,407.28
2025-10-21,Router,1,45.98
2025-10-22,Impresora,4,164.87
2025-10-22,Disco Duro,8,81.39
2025-10-22,Auriculares,1,91.13
2025-10-23,Auriculares,8,71.49
2025-10-23,Router,1,36.95
2025-10-23,Tablet,10,253.71
2025-10-23,Procesador,9,200.78
2025-10-23,Disco Duro,7,86.64
2025-10-23,Webcam,3,57.43
2025-10-23,Monitor,10,168.33
2025-10-23,Auriculares,8,70.41
2025-10-24,Memoria RAM,5,83.0
2025-10-24,Laptop,9,736.52
2025-10-24,Fuente de Poder,4,68.59
2025-10-24,Impresora,2,150.15
2025-10-24,Fuente de Poder,8,74.46
2025-10-25,Teclado,10,47.53
2025-10-25,Auriculares,4,86.82
2025-10-25,Monitor,9,190.43
2025-10-25,Smartphone,6,417.63
2025-10-25,Router,4,42.36
2025-10-25,Mouse,7,26.57
2025-10-26,Smartphone,2,422.17
2025-10-26,Router,9,32.42
2025-10-26,Webcam,6,51.62
2025-10-27,Smartphone,8,550.89
2025-10-27,Monitor,2,215.78
2025-10-27,Disco Duro,1,92.36
2025-10-27,Smartphone,10,523.33
2025-10-27,Mouse,10,27.35
2025-10-27,Router,6,41.24
2025-10-27,Router,8,35.19
2025-10-27,Router,4,38.8
2025-10-28,Disco Duro,6,82.64
2025-10-28,Auriculares,7,76.01
2025-10-28,Router,4,43.36
2025-10-28,Router,4,43.49
2025-10-28,Disco Duro,1,86.07
2025-10-28,Laptop,4,661.57
2025-10-28,Memoria RAM,10,88.79
2025-10-29,Teclado,7,46.33
2025-10-29,Laptop,2,878.76
2025-10-29,Procesador,2,231.02
2025-10-29,Fuente de Poder,8,75.8
2025-10-29,Tarjeta Gráfica,5,400.87
2025-10-29,Router,9,43.39
2025-10-30,Laptop,8,924.48
2025-10-30,Tablet,6,301.57
2025-10-30,Fuente de Poder,7,79.16
2025-10-30,Fuente de Poder,5,66.29
2025-10-30,Laptop,3,666.46
2025-10-30,Mouse,1,27.42
2025-10-30,Webcam,2,64.2
2025-10-31,Smartphone,3,452.98
2025-10-31,Procesador,10,226.47
2025-10-31,Laptop,1,959.55
2025-10-31,Mouse,8,24.66
2025-11-01,Webcam,1,57.56
2025-11-01,Disco Duro,7,118.67
2025-11-01,Tablet,6,359.14
2025-11-01,Monitor,5,188.56
2025-11-01,Fuente de Poder,3,71.54
2025-11-01,Laptop,2,848.74
2025-11-01,Tarjeta Gráfica,3,357.8
2025-11-01,Webcam,1,68.39
2025-11-02,Router,3,36.81
2025-11-02,Teclado,1,47.93
2025-11-02,Mouse,6,28.52
2025-11-02,Impresora,1,178.14
2025-11-03,Memoria RAM,1,92.57
2025-11-03,Teclado,3,44.99
2025-11-03,Teclado,2,49.39
2025-11-03,Teclado,10,57.8
2025-11-03,Webcam,4,49.49
2025-11-04,Router,10,37.4
2025-11-04,Fuente de Poder,5,61.75
2025-11-04,Tablet,5,240.97
2025-11-04,Memoria RAM,3,67.82
2025-11-04,Fuente de Poder,10,80.45
2025-11-04,Disco Duro,3,105.13
2025-11-04,Smartphone,3,489.31
2025-11-04,Monitor,5,202.7
2025-11-04,Tarjeta Gráfica,5,324.63
2025-11-04,Teclado,7,55.78
2025-11-05,Laptop,2,845.68
2025-11-05,Smartphone,9,475.36
2025-11-05,Procesador,3,249.53
2025-11-05,Disco Duro,10,93.41
2025-11-05,Tarjeta Gráfica,2,435.16
2025-11-06,Tarjeta Gráfica,4,441.9
2025-11-06,Fuente de Poder,6,73.45
2025-11-06,Laptop,8,928.39
2025-11-07,Auriculares,2,83.49
2025-11-07,Tablet,6,243.44
2025-11-07,Disco Duro,6,97.52
2025-11-07,Tablet,9,283.42
2025-11-07,Mouse,9,29.75
2025-11-07,Procesador,6,207.21
2025-11-07,Monitor,6,194.5
2025-11-08,Memoria RAM,2,71.31
2025-11-08,Tarjeta Gráfica,5,412.2
2025-11-08,Fuente de Poder,1,61.02
2025-11-08,Tablet,9,283.89
2025-11-08,Memoria RAM,5,93.4
2025-11-09,Impresora,3,124.43
2025-11-09,Tablet,8,257.06
2025-11-09,Teclado,1,42.86
2025-11-09,Procesador,7,272.42
2025-11-09,Memoria RAM,9,66.78
2025-11-09,Router,9,34.41
2025-11-10,Procesador,3,217.0
2025-11-10,Disco Duro,9,85.32
2025-11-10,Procesador,10,287.31
2025-11-10,Router,7,33.37
2025-11-11,Monitor,3,196.1
2025-11-11,Impresora,5,161.42
2025-11-11,Smartphone,8,526.35
2025-11-11,Tablet,5,294.43
2025-11-11,Procesador,1,291.06
2025-11-11,Webcam,9,69.64
2025-11-11,Auriculares,10,65.29
2025-11-11,Fuente de Poder,9,58.62
2025-11-12,Memoria RAM,8,74.15
2025-11-12,Monitor,5,191.92
2025-11-12,Laptop,3,780.67
2025-11-12,Fuente de Poder,3,71.28
2025-11-12,Smartphone,8,489.63
2025-11-13,Monitor,5,213.12
2025-11-13,Tablet,9,244.41
2025-11-13,Disco Duro,8,118.71
2025-11-13,Fuente de Poder,1,82.63
2025-11-13,Auriculares,1,65.47
2025-11-13,Teclado,9,47.77
2025-11-14,Impresora,7,155.24
2025-11-14,Webcam,2,71.72
2025-11-14,Webcam,2,67.1
2025-11-14,Memoria RAM,9,85.18
2025-11-14,Monitor,5,214.72
2025-11-14,Impresora,8,123.01
2025-11-14,Disco Duro,7,112.25
2025-11-14,Smartphone,6,413.43
2025-11-15,Impresora,8,165.44
2025-11-15,Mouse,9,27.21
2025-11-15,Tarjeta Gráfica,8,331.39
2025-11-15,Mouse,4,20.19
2025-11-15,Fuente de Poder,5,71.56
2025-11-15,Disco Duro,3,111.75
2025-11-15,Smartphone,5,461.32
2025-11-15,Tablet,5,300.06
2025-11-15,Mouse,9,29.94
2025-11-16,Tarjeta Gráfica,1,359.16
2025-11-16,Monitor,2,193.19
2025-11-16,Auriculares,5,82.33
2025-11-16,Mouse,1,26.61
2025-11-16,Fuente de Poder,3,77.68
2025-11-16,Monitor,7,233.21
2025-11-16,Tarjeta Gráfica,2,390.99
2025-11-16,Monitor,9,204.7
